4561627	SCAP	lipid	https://api.semanticscholar.org/10.1016/j.vetmic.2019.03.004		10.1016/j.vetmic.2019.03.004		30955800		6	6	4	4	134	?	Under conditions of excess lipid , SCAP undergoes a conformational change that causes it to bind to insulin-induced genes ( INSIGs ) .	dummy_paragraph_text
4212625	AChE	ACh	https://www.ncbi.nlm.nih.gov/pmc/articles/PMC4012451/pdf/	PMC4012451	10.3390/md12042114		24714126		13	13	16	16	149	?	Binding of substrates and inhibitors to the PAS causes a conformational change to AChE , reducing ACh 's ability to enter the active site [ 5 , 6 ] .	dummy_paragraph_text
4379137	nucleocapsid	E1	https://www.ncbi.nlm.nih.gov/pmc/articles/PMC288560/pdf/	PMC288560			6245243		24	24	9	9	160	?	This was caused by a temperature-dependent conformational change in E1 , resulting in aggregation of E1 and interaction with the viral RNA in the nucleocapsid .	dummy_paragraph_text
5942567	M2	amantadine	https://api.semanticscholar.org/10.1016/s0065-3527(08)60058-5		10.1016/s0065-3527(08)60058-5		7793329		2	2	5	5	173	D	Inhibition of M2 function by amantadine causes a reduction in the pH of vesicles of the Golgi complex triggering the conformational change in HA ( Ciampor et al. , 1992a ) .	dummy_paragraph_text
3343025	Arg 65	PBG	https://www.ncbi.nlm.nih.gov/pmc/articles/PMC6752855/pdf/	PMC6752855	10.1371/journal.pbio.3000436		31498797		28	29	18	18	191	entity	This conformational change causes the protrusion of the bat-specific residue Asp 59 into the A pocket of the PBG , which forms a hydrogen bond network with the Arg 65 and the peptide P1-Asp .	dummy_paragraph_text
5632649	COPII	GTP	https://api.semanticscholar.org/10.1016/s0074-7696(06)52005-4		10.1016/s0074-7696(06)52005-4				0	0	20	20	193	entity	COPII docking at an acceptor compartment is thought to trigger Sec23p function , causing a conformational change in Sar1p and GTP hydrolysis and dissociation or uncoating of the COPII complex .	dummy_paragraph_text
7890347	vGAT-PFAS	asparagine	https://www.ncbi.nlm.nih.gov/pmc/articles/PMC5580928/pdf/	PMC5580928	10.1016/j.it.2016.10.008		27863906		5	5	32	32	260	I	Deamidation of RIG-I by the vGAT-PFAS complex leads to the activation of RIG-I , which is likely to occur through a conformational change caused by the conversion of these neutral glutamine and asparagine residues to negatively charged glutamate or aspartate .	dummy_paragraph_text
6106343	nsP1	phospholipids	https://api.semanticscholar.org/10.1016/s0074-7696(05)45006-8		10.1016/s0074-7696(05)45006-8		16125548		13	13	5	5	103	I	Thus , binding to anionic phospholipids causes a conformational change , which activates nsP1 protein .	dummy_paragraph_text
3605417	RdRp	NTP	https://www.ncbi.nlm.nih.gov/pmc/articles/PMC6267201/pdf/	PMC6267201	10.3390/v10110600		30388745		6	6	3	3	121	I	First , an NTP binds the RdRp , which causes a conformational change " * " ( step 2 ) and activates the RdRp ( step 3 ) .	dummy_paragraph_text
4406866	caspase	Andrographolide	https://api.semanticscholar.org/10.1016/j.biopha.2018.08.104		10.1016/j.biopha.2018.08.104		30257339		13	13	0	0	253	I	Andrographolide causes induction of apoptosis by several mechanisms including , the activation of caspase cascade , the release of cytochrome C from mitochondria and the activation of proapoptotic Bcl-2 family members Bax conformational change [ 145 ] .	dummy_paragraph_text
7631567	FVM09	FVM20	https://www.ncbi.nlm.nih.gov/pmc/articles/PMC6082427/pdf/	PMC6082427	10.1016/j.celrep.2017.03.049		28402862		0	0	2	2	124	N	FVM09 and FVM20 may cause a conformational change that leads to better access of m8C4 and 2G4 to their respective epitopes .	dummy_paragraph_text
4043562	haemagglutinin	7~	https://api.semanticscholar.org/10.1016/0264-410x(86)90042-3		10.1016/0264-410x(86)90042-3		3014773		17	17	31	31	197	N	Furthermore , for influenza virus there is evidence that low pH causes a conformational change in the haemagglutinin molecule and exposes the domains of the molecule that mediate fusion 73 - 7~ ' .	dummy_paragraph_text
3449343	Ab	Li	https://api.semanticscholar.org/10.1016/j.virol.2006.09.022		10.1016/j.virol.2006.09.022		17055551		20	20	5	5	244	speculation	Furthermore , data reported by Li et al. ( 2005 ) and He et al. ( 2005 ) suggest that Ab binding to regions near the S-RBM fold may cause conformational change of the receptor binding sites , resulting in inhibition of the RBD binding to ACE2 .	dummy_paragraph_text
162263	heterologousVP4	R-004would	https://api.semanticscholar.org/10.1016/0092-8674(93)90516-s		10.1016/0092-8674(93)90516-s		8395350		3	3	5	5	186	speculation	It isunlikelythat the heterologousVP4 in R-004would cause such a large conformational change in either VP6 or VP7 that they would contribute significantly to the observed globular mass .	dummy_paragraph_text
2872803	CD4bs	prehairpin	https://www.ncbi.nlm.nih.gov/pmc/articles/PMC6722851/pdf/	PMC6722851	10.3390/v11080705		31374953		4	4	25	25	173	U	Binding of D1D2 to CD4bs on gp120 causes a conformational change in gp120 and the exposed gp41 , which results in the formation of a prehairpin fusion intermediate ( PFI ) .	dummy_paragraph_text
5400744	Hsp70-binding protein 1	CHIP-chaperone	https://api.semanticscholar.org/10.1016/b978-0-12-801944-3.00003-5		10.1016/b978-0-12-801944-3.00003-5				1	3	13	13	181	U	The Hsp70-binding protein 1 ( HspBP1 ) cochaperone causes a conformational change in CHIP-chaperone complexes and prevents the ubiquitination of Hsc70-bound client proteins [ 42 ] .	dummy_paragraph_text
7500415	M2	protons	https://www.ncbi.nlm.nih.gov/pmc/articles/PMC4249060/pdf/	PMC4249060	10.1128/jvi.01430-14		25165113		10	10	5	5	116	U	Here , we show that protons entering the virus through M2 cause a conformational change in the matrix protein , M1 .	dummy_paragraph_text
7148691	Hsp90	nucleotide	https://api.semanticscholar.org/10.1016/j.molmed.2004.04.006		10.1016/j.molmed.2004.04.006		15177193		3	3	17	17	215	U	Alternatively , the Hsp90 that is complexed with co-chaperone proteins might cause a conformational change in the nucleotide binding pocket of Hsp90 , such that geldanamycin derivatives bind with a higher affinity .	dummy_paragraph_text
6426787	N1 and N8	POM	https://www.ncbi.nlm.nih.gov/pmc/articles/PMC7089260/pdf/	PMC7089260	10.1007/s11434-010-3271-8				11	13	5	5	218	U	The conformational analysis shows that POM tends to bind primarily with N1 and N8 at the edge of the active pocket , which causes the conformational change of the pincers structure comprising residue 347 and loop 150 .	dummy_paragraph_text
3235484	ER	calcium	https://www.ncbi.nlm.nih.gov/pmc/articles/PMC6357148/pdf/	PMC6357148	10.3390/v11010025		30609802		9	9	5	5	240	U	This pathway is initiated when calcium levels in the ER become critically low , causing Ca 2 + ions to dissociate from ER membrane-spanning stromal interaction molecule ( STIM ) proteins , inducing a conformational change in STIM1 [ 131 ] .	dummy_paragraph_text
3563173	RdRp	NTP	https://www.ncbi.nlm.nih.gov/pmc/articles/PMC6267201/pdf/	PMC6267201	10.3390/v10110600		30388745		6	6	3	3	126		First , an NTP binds the RdRp ( step 1 ) , which causes a conformational change ( step 2 ) and activates the RdRp ( step 3 ) .	dummy_paragraph_text
5942567	HA	amantadine	https://api.semanticscholar.org/10.1016/s0065-3527(08)60058-5		10.1016/s0065-3527(08)60058-5		7793329		23	23	5	5	173		Inhibition of M2 function by amantadine causes a reduction in the pH of vesicles of the Golgi complex triggering the conformational change in HA ( Ciampor et al. , 1992a ) .	dummy_paragraph_text
sentence_id	gene	drug	article_link	pmc_id	doi	pdf_sha	pubmed_id	msft_id	gene_first_index	gene_last_index	drug_first_index	drug_last_index	13		sentence_text	dummy_paragraph_text
2493075	FERM	lipid	https://www.ncbi.nlm.nih.gov/pmc/articles/PMC6515277/pdf/	PMC6515277	10.3390/ijms20081996		31018575		8	8	11	11	101		For example , a conformational change in the FERM on binding lipid may cause the release of the CTD .	dummy_paragraph_text
2493075	CTD	lipid	https://www.ncbi.nlm.nih.gov/pmc/articles/PMC6515277/pdf/	PMC6515277	10.3390/ijms20081996		31018575		18	18	11	11	101		For example , a conformational change in the FERM on binding lipid may cause the release of the CTD .	dummy_paragraph_text
3605417	RdRp	NTP	https://www.ncbi.nlm.nih.gov/pmc/articles/PMC6267201/pdf/	PMC6267201	10.3390/v10110600		30388745		23	23	3	3	121		First , an NTP binds the RdRp , which causes a conformational change " * " ( step 2 ) and activates the RdRp ( step 3 ) .	dummy_paragraph_text
7631567	FVM09	2G4	https://www.ncbi.nlm.nih.gov/pmc/articles/PMC6082427/pdf/	PMC6082427	10.1016/j.celrep.2017.03.049		28402862		0	0	16	16	124		FVM09 and FVM20 may cause a conformational change that leads to better access of m8C4 and 2G4 to their respective epitopes .	dummy_paragraph_text
3563173	RdRp	NTP	https://www.ncbi.nlm.nih.gov/pmc/articles/PMC6267201/pdf/	PMC6267201	10.3390/v10110600		30388745		24	24	3	3	126		First , an NTP binds the RdRp ( step 1 ) , which causes a conformational change ( step 2 ) and activates the RdRp ( step 3 ) .	dummy_paragraph_text
4561627	INSIGs	lipid	https://api.semanticscholar.org/10.1016/j.vetmic.2019.03.004		10.1016/j.vetmic.2019.03.004		30955800		20	20	4	4	134		Under conditions of excess lipid , SCAP undergoes a conformational change that causes it to bind to insulin-induced genes ( INSIGs ) .	dummy_paragraph_text
4212625	AChE	PAS	https://www.ncbi.nlm.nih.gov/pmc/articles/PMC4012451/pdf/	PMC4012451	10.3390/md12042114		24714126		13	13	7	7	149		Binding of substrates and inhibitors to the PAS causes a conformational change to AChE , reducing ACh 's ability to enter the active site [ 5 , 6 ] .	dummy_paragraph_text
4379137	nucleocapsid	E1	https://www.ncbi.nlm.nih.gov/pmc/articles/PMC288560/pdf/	PMC288560			6245243		24	24	15	15	160		This was caused by a temperature-dependent conformational change in E1 , resulting in aggregation of E1 and interaction with the viral RNA in the nucleocapsid .	dummy_paragraph_text
2872803	gp120	prehairpin	https://www.ncbi.nlm.nih.gov/pmc/articles/PMC6722851/pdf/	PMC6722851	10.3390/v11080705		31374953		6	6	25	25	173		Binding of D1D2 to CD4bs on gp120 causes a conformational change in gp120 and the exposed gp41 , which results in the formation of a prehairpin fusion intermediate ( PFI ) .	dummy_paragraph_text
2872803	gp41	prehairpin	https://www.ncbi.nlm.nih.gov/pmc/articles/PMC6722851/pdf/	PMC6722851	10.3390/v11080705		31374953		16	16	25	25	173		Binding of D1D2 to CD4bs on gp120 causes a conformational change in gp120 and the exposed gp41 , which results in the formation of a prehairpin fusion intermediate ( PFI ) .	dummy_paragraph_text
5942567	Ciampor	amantadine	https://api.semanticscholar.org/10.1016/s0065-3527(08)60058-5		10.1016/s0065-3527(08)60058-5		7793329		25	25	5	5	173		Inhibition of M2 function by amantadine causes a reduction in the pH of vesicles of the Golgi complex triggering the conformational change in HA ( Ciampor et al. , 1992a ) .	dummy_paragraph_text
5400744	HspBP1	CHIP-chaperone	https://api.semanticscholar.org/10.1016/b978-0-12-801944-3.00003-5		10.1016/b978-0-12-801944-3.00003-5				5	5	13	13	181		The Hsp70-binding protein 1 ( HspBP1 ) cochaperone causes a conformational change in CHIP-chaperone complexes and prevents the ubiquitination of Hsc70-bound client proteins [ 42 ] .	dummy_paragraph_text
5400744	cochaperone	CHIP-chaperone	https://api.semanticscholar.org/10.1016/b978-0-12-801944-3.00003-5		10.1016/b978-0-12-801944-3.00003-5				7	7	13	13	181		The Hsp70-binding protein 1 ( HspBP1 ) cochaperone causes a conformational change in CHIP-chaperone complexes and prevents the ubiquitination of Hsc70-bound client proteins [ 42 ] .	dummy_paragraph_text
162263	VP6	R-004would	https://api.semanticscholar.org/10.1016/0092-8674(93)90516-s		10.1016/0092-8674(93)90516-s		8395350		14	14	5	5	186		It isunlikelythat the heterologousVP4 in R-004would cause such a large conformational change in either VP6 or VP7 that they would contribute significantly to the observed globular mass .	dummy_paragraph_text
162263	VP7	R-004would	https://api.semanticscholar.org/10.1016/0092-8674(93)90516-s		10.1016/0092-8674(93)90516-s		8395350		16	16	5	5	186		It isunlikelythat the heterologousVP4 in R-004would cause such a large conformational change in either VP6 or VP7 that they would contribute significantly to the observed globular mass .	dummy_paragraph_text
3343025	Arg 65	hydrogen bond network	https://www.ncbi.nlm.nih.gov/pmc/articles/PMC6752855/pdf/	PMC6752855	10.1371/journal.pbio.3000436		31498797		28	29	23	25	191		This conformational change causes the protrusion of the bat-specific residue Asp 59 into the A pocket of the PBG , which forms a hydrogen bond network with the Arg 65 and the peptide P1-Asp .	dummy_paragraph_text
5632649	Sec23p	GTP	https://api.semanticscholar.org/10.1016/s0074-7696(06)52005-4		10.1016/s0074-7696(06)52005-4				10	10	20	20	193		COPII docking at an acceptor compartment is thought to trigger Sec23p function , causing a conformational change in Sar1p and GTP hydrolysis and dissociation or uncoating of the COPII complex .	dummy_paragraph_text
5632649	Sar1p	GTP	https://api.semanticscholar.org/10.1016/s0074-7696(06)52005-4		10.1016/s0074-7696(06)52005-4				18	18	20	20	193		COPII docking at an acceptor compartment is thought to trigger Sec23p function , causing a conformational change in Sar1p and GTP hydrolysis and dissociation or uncoating of the COPII complex .	dummy_paragraph_text
5632649	COPII	GTP	https://api.semanticscholar.org/10.1016/s0074-7696(06)52005-4		10.1016/s0074-7696(06)52005-4				28	28	20	20	193		COPII docking at an acceptor compartment is thought to trigger Sec23p function , causing a conformational change in Sar1p and GTP hydrolysis and dissociation or uncoating of the COPII complex .	dummy_paragraph_text
7148691	Hsp90	nucleotide	https://api.semanticscholar.org/10.1016/j.molmed.2004.04.006		10.1016/j.molmed.2004.04.006		15177193		21	21	17	17	215		Alternatively , the Hsp90 that is complexed with co-chaperone proteins might cause a conformational change in the nucleotide binding pocket of Hsp90 , such that geldanamycin derivatives bind with a higher affinity .	dummy_paragraph_text
7148691	geldanamycin derivatives	nucleotide	https://api.semanticscholar.org/10.1016/j.molmed.2004.04.006		10.1016/j.molmed.2004.04.006		15177193		25	26	17	17	215		Alternatively , the Hsp90 that is complexed with co-chaperone proteins might cause a conformational change in the nucleotide binding pocket of Hsp90 , such that geldanamycin derivatives bind with a higher affinity .	dummy_paragraph_text
3235484	ER	Ca 2 + ions	https://www.ncbi.nlm.nih.gov/pmc/articles/PMC6357148/pdf/	PMC6357148	10.3390/v11010025		30609802		9	9	15	18	240		This pathway is initiated when calcium levels in the ER become critically low , causing Ca 2 + ions to dissociate from ER membrane-spanning stromal interaction molecule ( STIM ) proteins , inducing a conformational change in STIM1 [ 131 ] .	dummy_paragraph_text
3235484	ER	calcium	https://www.ncbi.nlm.nih.gov/pmc/articles/PMC6357148/pdf/	PMC6357148	10.3390/v11010025		30609802		22	22	5	5	240		This pathway is initiated when calcium levels in the ER become critically low , causing Ca 2 + ions to dissociate from ER membrane-spanning stromal interaction molecule ( STIM ) proteins , inducing a conformational change in STIM1 [ 131 ] .	dummy_paragraph_text
3235484	ER	Ca 2 + ions	https://www.ncbi.nlm.nih.gov/pmc/articles/PMC6357148/pdf/	PMC6357148	10.3390/v11010025		30609802		22	22	15	18	240		This pathway is initiated when calcium levels in the ER become critically low , causing Ca 2 + ions to dissociate from ER membrane-spanning stromal interaction molecule ( STIM ) proteins , inducing a conformational change in STIM1 [ 131 ] .	dummy_paragraph_text
3235484	STIM	calcium	https://www.ncbi.nlm.nih.gov/pmc/articles/PMC6357148/pdf/	PMC6357148	10.3390/v11010025		30609802		28	28	5	5	240		This pathway is initiated when calcium levels in the ER become critically low , causing Ca 2 + ions to dissociate from ER membrane-spanning stromal interaction molecule ( STIM ) proteins , inducing a conformational change in STIM1 [ 131 ] .	dummy_paragraph_text
3235484	STIM	Ca 2 + ions	https://www.ncbi.nlm.nih.gov/pmc/articles/PMC6357148/pdf/	PMC6357148	10.3390/v11010025		30609802		28	28	15	18	240		This pathway is initiated when calcium levels in the ER become critically low , causing Ca 2 + ions to dissociate from ER membrane-spanning stromal interaction molecule ( STIM ) proteins , inducing a conformational change in STIM1 [ 131 ] .	dummy_paragraph_text
3449343	S-RBM	Li	https://api.semanticscholar.org/10.1016/j.virol.2006.09.022		10.1016/j.virol.2006.09.022		17055551		26	26	5	5	244		Furthermore , data reported by Li et al. ( 2005 ) and He et al. ( 2005 ) suggest that Ab binding to regions near the S-RBM fold may cause conformational change of the receptor binding sites , resulting in inhibition of the RBD binding to ACE2 .	dummy_paragraph_text
3449343	ACE2	Li	https://api.semanticscholar.org/10.1016/j.virol.2006.09.022		10.1016/j.virol.2006.09.022		17055551		46	46	5	5	244		Furthermore , data reported by Li et al. ( 2005 ) and He et al. ( 2005 ) suggest that Ab binding to regions near the S-RBM fold may cause conformational change of the receptor binding sites , resulting in inhibition of the RBD binding to ACE2 .	dummy_paragraph_text
4406866	cytochrome C	Andrographolide	https://api.semanticscholar.org/10.1016/j.biopha.2018.08.104		10.1016/j.biopha.2018.08.104		30257339		19	20	0	0	253		Andrographolide causes induction of apoptosis by several mechanisms including , the activation of caspase cascade , the release of cytochrome C from mitochondria and the activation of proapoptotic Bcl-2 family members Bax conformational change [ 145 ] .	dummy_paragraph_text
4406866	Bcl-2	Andrographolide	https://api.semanticscholar.org/10.1016/j.biopha.2018.08.104		10.1016/j.biopha.2018.08.104		30257339		28	28	0	0	253		Andrographolide causes induction of apoptosis by several mechanisms including , the activation of caspase cascade , the release of cytochrome C from mitochondria and the activation of proapoptotic Bcl-2 family members Bax conformational change [ 145 ] .	dummy_paragraph_text
4406866	Bax	Andrographolide	https://api.semanticscholar.org/10.1016/j.biopha.2018.08.104		10.1016/j.biopha.2018.08.104		30257339		31	31	0	0	253		Andrographolide causes induction of apoptosis by several mechanisms including , the activation of caspase cascade , the release of cytochrome C from mitochondria and the activation of proapoptotic Bcl-2 family members Bax conformational change [ 145 ] .	dummy_paragraph_text
7890347	vGAT-PFAS	glutamate	https://www.ncbi.nlm.nih.gov/pmc/articles/PMC5580928/pdf/	PMC5580928	10.1016/j.it.2016.10.008		27863906		5	5	37	37	260		Deamidation of RIG-I by the vGAT-PFAS complex leads to the activation of RIG-I , which is likely to occur through a conformational change caused by the conversion of these neutral glutamine and asparagine residues to negatively charged glutamate or aspartate .	dummy_paragraph_text
7890347	vGAT-PFAS	aspartate	https://www.ncbi.nlm.nih.gov/pmc/articles/PMC5580928/pdf/	PMC5580928	10.1016/j.it.2016.10.008		27863906		5	5	39	39	260		Deamidation of RIG-I by the vGAT-PFAS complex leads to the activation of RIG-I , which is likely to occur through a conformational change caused by the conversion of these neutral glutamine and asparagine residues to negatively charged glutamate or aspartate .	dummy_paragraph_text
2628876	RNase-L	2 - 5A	https://www.ncbi.nlm.nih.gov/pmc/articles/PMC4730318/pdf/	PMC4730318	10.3390/ijms17010074		26760998		4	4	29	31	278		Since the N-terminus of RNase-L is bound and then released by FLNA and the C-terminus of RNase-L is still capable of binding to LNX , it is likely that 2 - 5A binding to RNase-L causes a conformational change to LNX-bound RNase-L that induces the dissociation of FLNA from LNX .	dummy_paragraph_text
2628876	FLNA	2 - 5A	https://www.ncbi.nlm.nih.gov/pmc/articles/PMC4730318/pdf/	PMC4730318	10.3390/ijms17010074		26760998		11	11	29	31	278		Since the N-terminus of RNase-L is bound and then released by FLNA and the C-terminus of RNase-L is still capable of binding to LNX , it is likely that 2 - 5A binding to RNase-L causes a conformational change to LNX-bound RNase-L that induces the dissociation of FLNA from LNX .	dummy_paragraph_text
2628876	RNase-L	2 - 5A	https://www.ncbi.nlm.nih.gov/pmc/articles/PMC4730318/pdf/	PMC4730318	10.3390/ijms17010074		26760998		16	16	29	31	278		Since the N-terminus of RNase-L is bound and then released by FLNA and the C-terminus of RNase-L is still capable of binding to LNX , it is likely that 2 - 5A binding to RNase-L causes a conformational change to LNX-bound RNase-L that induces the dissociation of FLNA from LNX .	dummy_paragraph_text
2628876	LNX	2 - 5A	https://www.ncbi.nlm.nih.gov/pmc/articles/PMC4730318/pdf/	PMC4730318	10.3390/ijms17010074		26760998		23	23	29	31	278		Since the N-terminus of RNase-L is bound and then released by FLNA and the C-terminus of RNase-L is still capable of binding to LNX , it is likely that 2 - 5A binding to RNase-L causes a conformational change to LNX-bound RNase-L that induces the dissociation of FLNA from LNX .	dummy_paragraph_text
2628876	FLNA	2 - 5A	https://www.ncbi.nlm.nih.gov/pmc/articles/PMC4730318/pdf/	PMC4730318	10.3390/ijms17010074		26760998		47	47	29	31	278		Since the N-terminus of RNase-L is bound and then released by FLNA and the C-terminus of RNase-L is still capable of binding to LNX , it is likely that 2 - 5A binding to RNase-L causes a conformational change to LNX-bound RNase-L that induces the dissociation of FLNA from LNX .	dummy_paragraph_text
2628876	LNX	2 - 5A	https://www.ncbi.nlm.nih.gov/pmc/articles/PMC4730318/pdf/	PMC4730318	10.3390/ijms17010074		26760998		49	49	29	31	278		Since the N-terminus of RNase-L is bound and then released by FLNA and the C-terminus of RNase-L is still capable of binding to LNX , it is likely that 2 - 5A binding to RNase-L causes a conformational change to LNX-bound RNase-L that induces the dissociation of FLNA from LNX .	dummy_paragraph_text
4053034	CTD	ATP	https://www.ncbi.nlm.nih.gov/pmc/articles/PMC3165056/pdf/	PMC3165056	10.1016/j.pharmthera.2009.06.012		19615405		12	12	23	23	286		Binding of dsRNA or 5′ ppp-RNA to the basic cleft in the CTD induces a conformational change , that in the presence of ATP causes uncovering of the CARDs , that are then able to interact with the adaptor protein IPS-1 and transduce the signal ( Takahasi , et al. , 2008 ) , ( Fig. 2 ) .	dummy_paragraph_text
4832882	RLRs	ATP	https://www.ncbi.nlm.nih.gov/pmc/articles/PMC7090626/pdf/	PMC7090626	10.1007/s12250-015-3683-3		26786772		12	12	26	26	293		However , in the presence of residual amount of cytoplasmic dsRNA , RLRs bind to dsRNA through the central DExD/H box helicase domain and CTD with ATP , causing a conformational change that exposes the N-terminal CARDs for signal transduction ( Yoneyama et al. , 2004 ; Jiang et al. , 2011 ) .	dummy_paragraph_text
4832882	CTD	ATP	https://www.ncbi.nlm.nih.gov/pmc/articles/PMC7090626/pdf/	PMC7090626	10.1007/s12250-015-3683-3		26786772		24	24	26	26	293		However , in the presence of residual amount of cytoplasmic dsRNA , RLRs bind to dsRNA through the central DExD/H box helicase domain and CTD with ATP , causing a conformational change that exposes the N-terminal CARDs for signal transduction ( Yoneyama et al. , 2004 ; Jiang et al. , 2011 ) .	dummy_paragraph_text
6576947	Tyr143	hydrogen	https://api.semanticscholar.org/10.1016/j.jmb.2005.09.074		10.1016/j.jmb.2005.09.074		16288920		10	10	19	19	293		Although it could be argued that the conformational change in Tyr143 that places its O h H group in hydrogen bonding position to the carboxyl group of Asp84 could be the cause instead of effect of the catalytic triad re-orientation , such hypothesis is at unfavorable odds with existing data .	dummy_paragraph_text
6576947	Asp84	hydrogen	https://api.semanticscholar.org/10.1016/j.jmb.2005.09.074		10.1016/j.jmb.2005.09.074		16288920		27	27	19	19	293		Although it could be argued that the conformational change in Tyr143 that places its O h H group in hydrogen bonding position to the carboxyl group of Asp84 could be the cause instead of effect of the catalytic triad re-orientation , such hypothesis is at unfavorable odds with existing data .	dummy_paragraph_text
3182271	E l	E2	https://api.semanticscholar.org/10.1016/s0065-3527(08)60328-0		10.1016/s0065-3527(08)60328-0		7817880		11	12	14	14	296		Low-pH treatment of rubella virions caused an irreversible conformational change of E l and E2 exhibited by a reversal in relative sensitivity to trypsin ( i.e. , E2 became trypsin sensitive and E l became trypsin resistant ) and by the ability to radioiodinate E2 ( Katow and Sugiura , 1988a ) .	dummy_paragraph_text
3182271	E l	trypsin	https://api.semanticscholar.org/10.1016/s0065-3527(08)60328-0		10.1016/s0065-3527(08)60328-0		7817880		11	12	23	23	296		Low-pH treatment of rubella virions caused an irreversible conformational change of E l and E2 exhibited by a reversal in relative sensitivity to trypsin ( i.e. , E2 became trypsin sensitive and E l became trypsin resistant ) and by the ability to radioiodinate E2 ( Katow and Sugiura , 1988a ) .	dummy_paragraph_text
3182271	E l	E2	https://api.semanticscholar.org/10.1016/s0065-3527(08)60328-0		10.1016/s0065-3527(08)60328-0		7817880		11	12	27	27	296		Low-pH treatment of rubella virions caused an irreversible conformational change of E l and E2 exhibited by a reversal in relative sensitivity to trypsin ( i.e. , E2 became trypsin sensitive and E l became trypsin resistant ) and by the ability to radioiodinate E2 ( Katow and Sugiura , 1988a ) .	dummy_paragraph_text
3182271	E l	E l	https://api.semanticscholar.org/10.1016/s0065-3527(08)60328-0		10.1016/s0065-3527(08)60328-0		7817880		11	12	32	33	296		Low-pH treatment of rubella virions caused an irreversible conformational change of E l and E2 exhibited by a reversal in relative sensitivity to trypsin ( i.e. , E2 became trypsin sensitive and E l became trypsin resistant ) and by the ability to radioiodinate E2 ( Katow and Sugiura , 1988a ) .	dummy_paragraph_text
3182271	E l	radioiodinate E2	https://api.semanticscholar.org/10.1016/s0065-3527(08)60328-0		10.1016/s0065-3527(08)60328-0		7817880		11	12	43	44	296		Low-pH treatment of rubella virions caused an irreversible conformational change of E l and E2 exhibited by a reversal in relative sensitivity to trypsin ( i.e. , E2 became trypsin sensitive and E l became trypsin resistant ) and by the ability to radioiodinate E2 ( Katow and Sugiura , 1988a ) .	dummy_paragraph_text
3182271	E l	Katow	https://api.semanticscholar.org/10.1016/s0065-3527(08)60328-0		10.1016/s0065-3527(08)60328-0		7817880		11	12	46	46	296		Low-pH treatment of rubella virions caused an irreversible conformational change of E l and E2 exhibited by a reversal in relative sensitivity to trypsin ( i.e. , E2 became trypsin sensitive and E l became trypsin resistant ) and by the ability to radioiodinate E2 ( Katow and Sugiura , 1988a ) .	dummy_paragraph_text
3182271	trypsin	E2	https://api.semanticscholar.org/10.1016/s0065-3527(08)60328-0		10.1016/s0065-3527(08)60328-0		7817880		29	29	14	14	296		Low-pH treatment of rubella virions caused an irreversible conformational change of E l and E2 exhibited by a reversal in relative sensitivity to trypsin ( i.e. , E2 became trypsin sensitive and E l became trypsin resistant ) and by the ability to radioiodinate E2 ( Katow and Sugiura , 1988a ) .	dummy_paragraph_text
3182271	trypsin	trypsin	https://api.semanticscholar.org/10.1016/s0065-3527(08)60328-0		10.1016/s0065-3527(08)60328-0		7817880		29	29	23	23	296		Low-pH treatment of rubella virions caused an irreversible conformational change of E l and E2 exhibited by a reversal in relative sensitivity to trypsin ( i.e. , E2 became trypsin sensitive and E l became trypsin resistant ) and by the ability to radioiodinate E2 ( Katow and Sugiura , 1988a ) .	dummy_paragraph_text
3182271	trypsin	E2	https://api.semanticscholar.org/10.1016/s0065-3527(08)60328-0		10.1016/s0065-3527(08)60328-0		7817880		29	29	27	27	296		Low-pH treatment of rubella virions caused an irreversible conformational change of E l and E2 exhibited by a reversal in relative sensitivity to trypsin ( i.e. , E2 became trypsin sensitive and E l became trypsin resistant ) and by the ability to radioiodinate E2 ( Katow and Sugiura , 1988a ) .	dummy_paragraph_text
3182271	trypsin	E l	https://api.semanticscholar.org/10.1016/s0065-3527(08)60328-0		10.1016/s0065-3527(08)60328-0		7817880		29	29	32	33	296		Low-pH treatment of rubella virions caused an irreversible conformational change of E l and E2 exhibited by a reversal in relative sensitivity to trypsin ( i.e. , E2 became trypsin sensitive and E l became trypsin resistant ) and by the ability to radioiodinate E2 ( Katow and Sugiura , 1988a ) .	dummy_paragraph_text
3182271	trypsin	radioiodinate E2	https://api.semanticscholar.org/10.1016/s0065-3527(08)60328-0		10.1016/s0065-3527(08)60328-0		7817880		29	29	43	44	296		Low-pH treatment of rubella virions caused an irreversible conformational change of E l and E2 exhibited by a reversal in relative sensitivity to trypsin ( i.e. , E2 became trypsin sensitive and E l became trypsin resistant ) and by the ability to radioiodinate E2 ( Katow and Sugiura , 1988a ) .	dummy_paragraph_text
3182271	trypsin	Katow	https://api.semanticscholar.org/10.1016/s0065-3527(08)60328-0		10.1016/s0065-3527(08)60328-0		7817880		29	29	46	46	296		Low-pH treatment of rubella virions caused an irreversible conformational change of E l and E2 exhibited by a reversal in relative sensitivity to trypsin ( i.e. , E2 became trypsin sensitive and E l became trypsin resistant ) and by the ability to radioiodinate E2 ( Katow and Sugiura , 1988a ) .	dummy_paragraph_text
3182271	trypsin	E2	https://api.semanticscholar.org/10.1016/s0065-3527(08)60328-0		10.1016/s0065-3527(08)60328-0		7817880		35	35	14	14	296		Low-pH treatment of rubella virions caused an irreversible conformational change of E l and E2 exhibited by a reversal in relative sensitivity to trypsin ( i.e. , E2 became trypsin sensitive and E l became trypsin resistant ) and by the ability to radioiodinate E2 ( Katow and Sugiura , 1988a ) .	dummy_paragraph_text
3182271	trypsin	trypsin	https://api.semanticscholar.org/10.1016/s0065-3527(08)60328-0		10.1016/s0065-3527(08)60328-0		7817880		35	35	23	23	296		Low-pH treatment of rubella virions caused an irreversible conformational change of E l and E2 exhibited by a reversal in relative sensitivity to trypsin ( i.e. , E2 became trypsin sensitive and E l became trypsin resistant ) and by the ability to radioiodinate E2 ( Katow and Sugiura , 1988a ) .	dummy_paragraph_text
3182271	trypsin	E2	https://api.semanticscholar.org/10.1016/s0065-3527(08)60328-0		10.1016/s0065-3527(08)60328-0		7817880		35	35	27	27	296		Low-pH treatment of rubella virions caused an irreversible conformational change of E l and E2 exhibited by a reversal in relative sensitivity to trypsin ( i.e. , E2 became trypsin sensitive and E l became trypsin resistant ) and by the ability to radioiodinate E2 ( Katow and Sugiura , 1988a ) .	dummy_paragraph_text
3182271	trypsin	E l	https://api.semanticscholar.org/10.1016/s0065-3527(08)60328-0		10.1016/s0065-3527(08)60328-0		7817880		35	35	32	33	296		Low-pH treatment of rubella virions caused an irreversible conformational change of E l and E2 exhibited by a reversal in relative sensitivity to trypsin ( i.e. , E2 became trypsin sensitive and E l became trypsin resistant ) and by the ability to radioiodinate E2 ( Katow and Sugiura , 1988a ) .	dummy_paragraph_text
3182271	trypsin	radioiodinate E2	https://api.semanticscholar.org/10.1016/s0065-3527(08)60328-0		10.1016/s0065-3527(08)60328-0		7817880		35	35	43	44	296		Low-pH treatment of rubella virions caused an irreversible conformational change of E l and E2 exhibited by a reversal in relative sensitivity to trypsin ( i.e. , E2 became trypsin sensitive and E l became trypsin resistant ) and by the ability to radioiodinate E2 ( Katow and Sugiura , 1988a ) .	dummy_paragraph_text
3182271	trypsin	Katow	https://api.semanticscholar.org/10.1016/s0065-3527(08)60328-0		10.1016/s0065-3527(08)60328-0		7817880		35	35	46	46	296		Low-pH treatment of rubella virions caused an irreversible conformational change of E l and E2 exhibited by a reversal in relative sensitivity to trypsin ( i.e. , E2 became trypsin sensitive and E l became trypsin resistant ) and by the ability to radioiodinate E2 ( Katow and Sugiura , 1988a ) .	dummy_paragraph_text
4804215	IFN-R1:Jak1	Lyn-ToFP	https://www.ncbi.nlm.nih.gov/pmc/articles/PMC3770794/pdf/	PMC3770794	10.1016/j.cyto.2013.05.008		23769803		8	8	44	44	296		We hypothesized that the conformational change in the IFN-R1:Jak1 pair was caused by the lipid raft nanoenvironment because similar changes were seen with the partner receptor chain ( IFN-R2 ) that were seen with a fluorescent protein with no recognizable protein interaction motif ( Lyn-ToFP ) .	dummy_paragraph_text
4804215	IFN-R2	Lyn-ToFP	https://www.ncbi.nlm.nih.gov/pmc/articles/PMC3770794/pdf/	PMC3770794	10.1016/j.cyto.2013.05.008		23769803		28	28	44	44	296		We hypothesized that the conformational change in the IFN-R1:Jak1 pair was caused by the lipid raft nanoenvironment because similar changes were seen with the partner receptor chain ( IFN-R2 ) that were seen with a fluorescent protein with no recognizable protein interaction motif ( Lyn-ToFP ) .	dummy_paragraph_text
2493076	FERM	prohibits/destroys	https://www.ncbi.nlm.nih.gov/pmc/articles/PMC6515277/pdf/	PMC6515277	10.3390/ijms20081996		31018575		23	23	47	47	345		The formation of an open form would only be initiated or stabilized by certain merlin-ERM interactions with other components that may sequester the FERM and/or CTD away from rebinding to each other or other merlin-ERM proteins , or that particular interactions may cause a conformational change that prohibits/destroys the FERM-CTD interaction .	dummy_paragraph_text
2493076	FERM	FERM-CTD	https://www.ncbi.nlm.nih.gov/pmc/articles/PMC6515277/pdf/	PMC6515277	10.3390/ijms20081996		31018575		23	23	49	49	345		The formation of an open form would only be initiated or stabilized by certain merlin-ERM interactions with other components that may sequester the FERM and/or CTD away from rebinding to each other or other merlin-ERM proteins , or that particular interactions may cause a conformational change that prohibits/destroys the FERM-CTD interaction .	dummy_paragraph_text
2493076	CTD	prohibits/destroys	https://www.ncbi.nlm.nih.gov/pmc/articles/PMC6515277/pdf/	PMC6515277	10.3390/ijms20081996		31018575		25	25	47	47	345		The formation of an open form would only be initiated or stabilized by certain merlin-ERM interactions with other components that may sequester the FERM and/or CTD away from rebinding to each other or other merlin-ERM proteins , or that particular interactions may cause a conformational change that prohibits/destroys the FERM-CTD interaction .	dummy_paragraph_text
2493076	CTD	FERM-CTD	https://www.ncbi.nlm.nih.gov/pmc/articles/PMC6515277/pdf/	PMC6515277	10.3390/ijms20081996		31018575		25	25	49	49	345		The formation of an open form would only be initiated or stabilized by certain merlin-ERM interactions with other components that may sequester the FERM and/or CTD away from rebinding to each other or other merlin-ERM proteins , or that particular interactions may cause a conformational change that prohibits/destroys the FERM-CTD interaction .	dummy_paragraph_text
5604282	Tet transactivator	tetracycline	https://www.ncbi.nlm.nih.gov/pmc/articles/PMC2959034/pdf/	PMC2959034	10.1186/1742-4690-7-79		20923574		10	11	4	4	372		In the presence of tetracycline , binding of tetracycline to Tet transactivator ( tTA ) causes conformational change of tTA , which blocks tTA binding to the Tet-off promoter and prevents HIV-1 envelope protein expression ; in the absence of tetracycline , tTA binds to and transactivates the Tet-off promoter resulting in HIV-1 envelope protein expression ( Figure 5C ) .	dummy_paragraph_text
5604282	Tet transactivator	tetracycline	https://www.ncbi.nlm.nih.gov/pmc/articles/PMC2959034/pdf/	PMC2959034	10.1186/1742-4690-7-79		20923574		10	11	8	8	372		In the presence of tetracycline , binding of tetracycline to Tet transactivator ( tTA ) causes conformational change of tTA , which blocks tTA binding to the Tet-off promoter and prevents HIV-1 envelope protein expression ; in the absence of tetracycline , tTA binds to and transactivates the Tet-off promoter resulting in HIV-1 envelope protein expression ( Figure 5C ) .	dummy_paragraph_text
5604282	Tet transactivator	tetracycline	https://www.ncbi.nlm.nih.gov/pmc/articles/PMC2959034/pdf/	PMC2959034	10.1186/1742-4690-7-79		20923574		10	11	40	40	372		In the presence of tetracycline , binding of tetracycline to Tet transactivator ( tTA ) causes conformational change of tTA , which blocks tTA binding to the Tet-off promoter and prevents HIV-1 envelope protein expression ; in the absence of tetracycline , tTA binds to and transactivates the Tet-off promoter resulting in HIV-1 envelope protein expression ( Figure 5C ) .	dummy_paragraph_text
5604282	tTA	tetracycline	https://www.ncbi.nlm.nih.gov/pmc/articles/PMC2959034/pdf/	PMC2959034	10.1186/1742-4690-7-79		20923574		13	13	4	4	372		In the presence of tetracycline , binding of tetracycline to Tet transactivator ( tTA ) causes conformational change of tTA , which blocks tTA binding to the Tet-off promoter and prevents HIV-1 envelope protein expression ; in the absence of tetracycline , tTA binds to and transactivates the Tet-off promoter resulting in HIV-1 envelope protein expression ( Figure 5C ) .	dummy_paragraph_text
5604282	tTA	tetracycline	https://www.ncbi.nlm.nih.gov/pmc/articles/PMC2959034/pdf/	PMC2959034	10.1186/1742-4690-7-79		20923574		13	13	8	8	372		In the presence of tetracycline , binding of tetracycline to Tet transactivator ( tTA ) causes conformational change of tTA , which blocks tTA binding to the Tet-off promoter and prevents HIV-1 envelope protein expression ; in the absence of tetracycline , tTA binds to and transactivates the Tet-off promoter resulting in HIV-1 envelope protein expression ( Figure 5C ) .	dummy_paragraph_text
5604282	tTA	tetracycline	https://www.ncbi.nlm.nih.gov/pmc/articles/PMC2959034/pdf/	PMC2959034	10.1186/1742-4690-7-79		20923574		13	13	40	40	372		In the presence of tetracycline , binding of tetracycline to Tet transactivator ( tTA ) causes conformational change of tTA , which blocks tTA binding to the Tet-off promoter and prevents HIV-1 envelope protein expression ; in the absence of tetracycline , tTA binds to and transactivates the Tet-off promoter resulting in HIV-1 envelope protein expression ( Figure 5C ) .	dummy_paragraph_text
5604282	tTA	tetracycline	https://www.ncbi.nlm.nih.gov/pmc/articles/PMC2959034/pdf/	PMC2959034	10.1186/1742-4690-7-79		20923574		19	19	4	4	372		In the presence of tetracycline , binding of tetracycline to Tet transactivator ( tTA ) causes conformational change of tTA , which blocks tTA binding to the Tet-off promoter and prevents HIV-1 envelope protein expression ; in the absence of tetracycline , tTA binds to and transactivates the Tet-off promoter resulting in HIV-1 envelope protein expression ( Figure 5C ) .	dummy_paragraph_text
5604282	tTA	tetracycline	https://www.ncbi.nlm.nih.gov/pmc/articles/PMC2959034/pdf/	PMC2959034	10.1186/1742-4690-7-79		20923574		19	19	8	8	372		In the presence of tetracycline , binding of tetracycline to Tet transactivator ( tTA ) causes conformational change of tTA , which blocks tTA binding to the Tet-off promoter and prevents HIV-1 envelope protein expression ; in the absence of tetracycline , tTA binds to and transactivates the Tet-off promoter resulting in HIV-1 envelope protein expression ( Figure 5C ) .	dummy_paragraph_text
5604282	tTA	tetracycline	https://www.ncbi.nlm.nih.gov/pmc/articles/PMC2959034/pdf/	PMC2959034	10.1186/1742-4690-7-79		20923574		19	19	40	40	372		In the presence of tetracycline , binding of tetracycline to Tet transactivator ( tTA ) causes conformational change of tTA , which blocks tTA binding to the Tet-off promoter and prevents HIV-1 envelope protein expression ; in the absence of tetracycline , tTA binds to and transactivates the Tet-off promoter resulting in HIV-1 envelope protein expression ( Figure 5C ) .	dummy_paragraph_text
5604282	tTA	tetracycline	https://www.ncbi.nlm.nih.gov/pmc/articles/PMC2959034/pdf/	PMC2959034	10.1186/1742-4690-7-79		20923574		23	23	4	4	372		In the presence of tetracycline , binding of tetracycline to Tet transactivator ( tTA ) causes conformational change of tTA , which blocks tTA binding to the Tet-off promoter and prevents HIV-1 envelope protein expression ; in the absence of tetracycline , tTA binds to and transactivates the Tet-off promoter resulting in HIV-1 envelope protein expression ( Figure 5C ) .	dummy_paragraph_text
5604282	tTA	tetracycline	https://www.ncbi.nlm.nih.gov/pmc/articles/PMC2959034/pdf/	PMC2959034	10.1186/1742-4690-7-79		20923574		23	23	8	8	372		In the presence of tetracycline , binding of tetracycline to Tet transactivator ( tTA ) causes conformational change of tTA , which blocks tTA binding to the Tet-off promoter and prevents HIV-1 envelope protein expression ; in the absence of tetracycline , tTA binds to and transactivates the Tet-off promoter resulting in HIV-1 envelope protein expression ( Figure 5C ) .	dummy_paragraph_text
5604282	tTA	tetracycline	https://www.ncbi.nlm.nih.gov/pmc/articles/PMC2959034/pdf/	PMC2959034	10.1186/1742-4690-7-79		20923574		23	23	40	40	372		In the presence of tetracycline , binding of tetracycline to Tet transactivator ( tTA ) causes conformational change of tTA , which blocks tTA binding to the Tet-off promoter and prevents HIV-1 envelope protein expression ; in the absence of tetracycline , tTA binds to and transactivates the Tet-off promoter resulting in HIV-1 envelope protein expression ( Figure 5C ) .	dummy_paragraph_text
5604282	tTA	tetracycline	https://www.ncbi.nlm.nih.gov/pmc/articles/PMC2959034/pdf/	PMC2959034	10.1186/1742-4690-7-79		20923574		42	42	4	4	372		In the presence of tetracycline , binding of tetracycline to Tet transactivator ( tTA ) causes conformational change of tTA , which blocks tTA binding to the Tet-off promoter and prevents HIV-1 envelope protein expression ; in the absence of tetracycline , tTA binds to and transactivates the Tet-off promoter resulting in HIV-1 envelope protein expression ( Figure 5C ) .	dummy_paragraph_text
5604282	tTA	tetracycline	https://www.ncbi.nlm.nih.gov/pmc/articles/PMC2959034/pdf/	PMC2959034	10.1186/1742-4690-7-79		20923574		42	42	8	8	372		In the presence of tetracycline , binding of tetracycline to Tet transactivator ( tTA ) causes conformational change of tTA , which blocks tTA binding to the Tet-off promoter and prevents HIV-1 envelope protein expression ; in the absence of tetracycline , tTA binds to and transactivates the Tet-off promoter resulting in HIV-1 envelope protein expression ( Figure 5C ) .	dummy_paragraph_text
5604282	tTA	tetracycline	https://www.ncbi.nlm.nih.gov/pmc/articles/PMC2959034/pdf/	PMC2959034	10.1186/1742-4690-7-79		20923574		42	42	40	40	372		In the presence of tetracycline , binding of tetracycline to Tet transactivator ( tTA ) causes conformational change of tTA , which blocks tTA binding to the Tet-off promoter and prevents HIV-1 envelope protein expression ; in the absence of tetracycline , tTA binds to and transactivates the Tet-off promoter resulting in HIV-1 envelope protein expression ( Figure 5C ) .	dummy_paragraph_text
2628873	RNase-L	2 - 5A	https://www.ncbi.nlm.nih.gov/pmc/articles/PMC4730318/pdf/	PMC4730318	10.3390/ijms17010074		26760998		4	4	29	31	373		Since the N-terminus of RNase-L is bound and then released by FLNA and the C-terminus of RNase-L is still capable of binding to LNX , it is likely that 2 - 5A binding to RNase-L causes a conformational change to LNX-bound RNase-L that induces Collectively , the data suggests a model in which FLNA , LNX , and RNase-L form a complex associated with the actin cytoskeleton .	dummy_paragraph_text
2628873	FLNA	2 - 5A	https://www.ncbi.nlm.nih.gov/pmc/articles/PMC4730318/pdf/	PMC4730318	10.3390/ijms17010074		26760998		11	11	29	31	373		Since the N-terminus of RNase-L is bound and then released by FLNA and the C-terminus of RNase-L is still capable of binding to LNX , it is likely that 2 - 5A binding to RNase-L causes a conformational change to LNX-bound RNase-L that induces Collectively , the data suggests a model in which FLNA , LNX , and RNase-L form a complex associated with the actin cytoskeleton .	dummy_paragraph_text
2628873	RNase-L	2 - 5A	https://www.ncbi.nlm.nih.gov/pmc/articles/PMC4730318/pdf/	PMC4730318	10.3390/ijms17010074		26760998		16	16	29	31	373		Since the N-terminus of RNase-L is bound and then released by FLNA and the C-terminus of RNase-L is still capable of binding to LNX , it is likely that 2 - 5A binding to RNase-L causes a conformational change to LNX-bound RNase-L that induces Collectively , the data suggests a model in which FLNA , LNX , and RNase-L form a complex associated with the actin cytoskeleton .	dummy_paragraph_text
2628873	LNX	2 - 5A	https://www.ncbi.nlm.nih.gov/pmc/articles/PMC4730318/pdf/	PMC4730318	10.3390/ijms17010074		26760998		23	23	29	31	373		Since the N-terminus of RNase-L is bound and then released by FLNA and the C-terminus of RNase-L is still capable of binding to LNX , it is likely that 2 - 5A binding to RNase-L causes a conformational change to LNX-bound RNase-L that induces Collectively , the data suggests a model in which FLNA , LNX , and RNase-L form a complex associated with the actin cytoskeleton .	dummy_paragraph_text
2628873	FLNA	2 - 5A	https://www.ncbi.nlm.nih.gov/pmc/articles/PMC4730318/pdf/	PMC4730318	10.3390/ijms17010074		26760998		53	53	29	31	373		Since the N-terminus of RNase-L is bound and then released by FLNA and the C-terminus of RNase-L is still capable of binding to LNX , it is likely that 2 - 5A binding to RNase-L causes a conformational change to LNX-bound RNase-L that induces Collectively , the data suggests a model in which FLNA , LNX , and RNase-L form a complex associated with the actin cytoskeleton .	dummy_paragraph_text
2628873	LNX	2 - 5A	https://www.ncbi.nlm.nih.gov/pmc/articles/PMC4730318/pdf/	PMC4730318	10.3390/ijms17010074		26760998		55	55	29	31	373		Since the N-terminus of RNase-L is bound and then released by FLNA and the C-terminus of RNase-L is still capable of binding to LNX , it is likely that 2 - 5A binding to RNase-L causes a conformational change to LNX-bound RNase-L that induces Collectively , the data suggests a model in which FLNA , LNX , and RNase-L form a complex associated with the actin cytoskeleton .	dummy_paragraph_text
2628873	RNase-L	2 - 5A	https://www.ncbi.nlm.nih.gov/pmc/articles/PMC4730318/pdf/	PMC4730318	10.3390/ijms17010074		26760998		58	58	29	31	373		Since the N-terminus of RNase-L is bound and then released by FLNA and the C-terminus of RNase-L is still capable of binding to LNX , it is likely that 2 - 5A binding to RNase-L causes a conformational change to LNX-bound RNase-L that induces Collectively , the data suggests a model in which FLNA , LNX , and RNase-L form a complex associated with the actin cytoskeleton .	dummy_paragraph_text
2628873	actin cytoskeleton	2 - 5A	https://www.ncbi.nlm.nih.gov/pmc/articles/PMC4730318/pdf/	PMC4730318	10.3390/ijms17010074		26760998		65	66	29	31	373		Since the N-terminus of RNase-L is bound and then released by FLNA and the C-terminus of RNase-L is still capable of binding to LNX , it is likely that 2 - 5A binding to RNase-L causes a conformational change to LNX-bound RNase-L that induces Collectively , the data suggests a model in which FLNA , LNX , and RNase-L form a complex associated with the actin cytoskeleton .	dummy_paragraph_text
4810273	sialylated glycan receptors	fatty acid	https://www.ncbi.nlm.nih.gov/pmc/articles/PMC5526076/pdf/	PMC5526076	10.1016/j.sbi.2016.10.003		27792989		8	10	34	35	375		It has been demonstrated that enterovirus EV-D68 binds sialylated glycan receptors along the canyon of the viral surface and that this binding event causes significant conformational change in the viral envelop that displaces the fatty acid ( also known as pocket factor which maintains structural stability of the envelop ) and prepares the virus for infection [ 32 , 33 ] .	dummy_paragraph_text
1411754	S2	Damico	https://api.semanticscholar.org/10.1016/j.jsb.2006.03.019		10.1016/j.jsb.2006.03.019		16697221		41	41	66	66	376		After binding to the host cell receptor , a conformational change is transmitted from S1 to S2 which causes the fusion peptide ( a region of » 20 hydrophobic residues located N-terminal to the Wrst heptad repeat region , HRN in S2 ) to be released from the interior of the molecule and inserted into the target cell bilayer ( Hernandez et al. , 1997 ; Damico et al. , 1998 ) .	dummy_paragraph_text
3603345	CD155	Fricks	https://www.ncbi.nlm.nih.gov/pmc/articles/PMC5247633/pdf/	PMC5247633	10.3389/fcimb.2017.00005		28164038		15	15	55	55	395		The initial attachment of the virion to the host cell plasma membrane involves the receptor CD155 , a type I transmembrane protein member of the immunoglobulin superfamily of proteins ( Mendelsohn et al. , 1989 ) , causing a conformational change in the capsid which leads to viral internalization via a clathrinindependent endocytic process ( Fricks and Hogle , 1990 ; Tuthill et al. , 2006 ) .	dummy_paragraph_text
3603345	immunoglobulin	Fricks	https://www.ncbi.nlm.nih.gov/pmc/articles/PMC5247633/pdf/	PMC5247633	10.3389/fcimb.2017.00005		28164038		25	25	55	55	395		The initial attachment of the virion to the host cell plasma membrane involves the receptor CD155 , a type I transmembrane protein member of the immunoglobulin superfamily of proteins ( Mendelsohn et al. , 1989 ) , causing a conformational change in the capsid which leads to viral internalization via a clathrinindependent endocytic process ( Fricks and Hogle , 1990 ; Tuthill et al. , 2006 ) .	dummy_paragraph_text
3603345	capsid	Fricks	https://www.ncbi.nlm.nih.gov/pmc/articles/PMC5247633/pdf/	PMC5247633	10.3389/fcimb.2017.00005		28164038		43	43	55	55	395		The initial attachment of the virion to the host cell plasma membrane involves the receptor CD155 , a type I transmembrane protein member of the immunoglobulin superfamily of proteins ( Mendelsohn et al. , 1989 ) , causing a conformational change in the capsid which leads to viral internalization via a clathrinindependent endocytic process ( Fricks and Hogle , 1990 ; Tuthill et al. , 2006 ) .	dummy_paragraph_text
3603345	Hogle , 1990	Fricks	https://www.ncbi.nlm.nih.gov/pmc/articles/PMC5247633/pdf/	PMC5247633	10.3389/fcimb.2017.00005		28164038		57	59	55	55	395		The initial attachment of the virion to the host cell plasma membrane involves the receptor CD155 , a type I transmembrane protein member of the immunoglobulin superfamily of proteins ( Mendelsohn et al. , 1989 ) , causing a conformational change in the capsid which leads to viral internalization via a clathrinindependent endocytic process ( Fricks and Hogle , 1990 ; Tuthill et al. , 2006 ) .	dummy_paragraph_text
4294939	mammalian antizyme 1	polyamine	https://www.ncbi.nlm.nih.gov/pmc/articles/PMC5009743/pdf/	PMC5009743	10.1093/nar/gkw530		27436286		2	4	64	64	420		Binding of mammalian antizyme 1 , but not antizymes 2 or 3 , to an ornithine decarboxylase monomer causes a conformational change that , without the involvement of ubiquitination , targets the ornithine decarboxylase monomer for degradation by the 26S proteasome via its own C-terminal segment ( 275 , 276 ) , and at least in S. cerevisiae the counterpart targeting is promoted by polyamine binding to antizyme ( 277 ) .	dummy_paragraph_text
4294939	ornithine decarboxylase	polyamine	https://www.ncbi.nlm.nih.gov/pmc/articles/PMC5009743/pdf/	PMC5009743	10.1093/nar/gkw530		27436286		15	16	64	64	420		Binding of mammalian antizyme 1 , but not antizymes 2 or 3 , to an ornithine decarboxylase monomer causes a conformational change that , without the involvement of ubiquitination , targets the ornithine decarboxylase monomer for degradation by the 26S proteasome via its own C-terminal segment ( 275 , 276 ) , and at least in S. cerevisiae the counterpart targeting is promoted by polyamine binding to antizyme ( 277 ) .	dummy_paragraph_text
4294939	ornithine decarboxylase	polyamine	https://www.ncbi.nlm.nih.gov/pmc/articles/PMC5009743/pdf/	PMC5009743	10.1093/nar/gkw530		27436286		32	33	64	64	420		Binding of mammalian antizyme 1 , but not antizymes 2 or 3 , to an ornithine decarboxylase monomer causes a conformational change that , without the involvement of ubiquitination , targets the ornithine decarboxylase monomer for degradation by the 26S proteasome via its own C-terminal segment ( 275 , 276 ) , and at least in S. cerevisiae the counterpart targeting is promoted by polyamine binding to antizyme ( 277 ) .	dummy_paragraph_text
4294939	antizyme ( 277 )	polyamine	https://www.ncbi.nlm.nih.gov/pmc/articles/PMC5009743/pdf/	PMC5009743	10.1093/nar/gkw530		27436286		67	70	64	64	420		Binding of mammalian antizyme 1 , but not antizymes 2 or 3 , to an ornithine decarboxylase monomer causes a conformational change that , without the involvement of ubiquitination , targets the ornithine decarboxylase monomer for degradation by the 26S proteasome via its own C-terminal segment ( 275 , 276 ) , and at least in S. cerevisiae the counterpart targeting is promoted by polyamine binding to antizyme ( 277 ) .	dummy_paragraph_text
2937429	LE/L cholesterol	lipid	https://www.ncbi.nlm.nih.gov/pmc/articles/PMC6058292/pdf/	PMC6058292	10.1128/mbio.01345-18		30042202		8	9	49	49	483		Although impaired endosomal acidification has been linked to LE/L cholesterol imbalance ( 6 ) , we did not observe significant alterations in the LE/L pH and in the amount of HA that underwent the fusion-active conformational change in cells with impaired NPC1 functionality , indicating that changes in the lipid composition of the target membrane and not compromised endosomal acidification most likely caused the impaired fusion of the viral envelope with the endosomal membrane .	dummy_paragraph_text
2937429	LE/L	lipid	https://www.ncbi.nlm.nih.gov/pmc/articles/PMC6058292/pdf/	PMC6058292	10.1128/mbio.01345-18		30042202		23	23	49	49	483		Although impaired endosomal acidification has been linked to LE/L cholesterol imbalance ( 6 ) , we did not observe significant alterations in the LE/L pH and in the amount of HA that underwent the fusion-active conformational change in cells with impaired NPC1 functionality , indicating that changes in the lipid composition of the target membrane and not compromised endosomal acidification most likely caused the impaired fusion of the viral envelope with the endosomal membrane .	dummy_paragraph_text
2937429	HA	lipid	https://www.ncbi.nlm.nih.gov/pmc/articles/PMC6058292/pdf/	PMC6058292	10.1128/mbio.01345-18		30042202		30	30	49	49	483		Although impaired endosomal acidification has been linked to LE/L cholesterol imbalance ( 6 ) , we did not observe significant alterations in the LE/L pH and in the amount of HA that underwent the fusion-active conformational change in cells with impaired NPC1 functionality , indicating that changes in the lipid composition of the target membrane and not compromised endosomal acidification most likely caused the impaired fusion of the viral envelope with the endosomal membrane .	dummy_paragraph_text
2937429	NPC1	lipid	https://www.ncbi.nlm.nih.gov/pmc/articles/PMC6058292/pdf/	PMC6058292	10.1128/mbio.01345-18		30042202		41	41	49	49	483		Although impaired endosomal acidification has been linked to LE/L cholesterol imbalance ( 6 ) , we did not observe significant alterations in the LE/L pH and in the amount of HA that underwent the fusion-active conformational change in cells with impaired NPC1 functionality , indicating that changes in the lipid composition of the target membrane and not compromised endosomal acidification most likely caused the impaired fusion of the viral envelope with the endosomal membrane .	dummy_paragraph_text
3581237	Esnouf	nucleotide binding cleft	https://api.semanticscholar.org/10.1016/j.virol.2005.02.017		10.1016/j.virol.2005.02.017		15840516		46	46	30	32	503		They either bind to a hydrophobic pocket close to the polymerase active site in HIV-1 RT causing conformational change of the polymerase active site and restricting the flexibility of the nucleotide binding cleft ( Das et al. , 1996 ; Ding et al. , 1995 ; Esnouf et al. , 1995 ; Kohlstaedt et al. , 1992 ; Ren et al. , 1995 ) , or bind to a hydrophobic pocket on the surface of the thumb subdomain in HCV RdRp , interfering allosterically with conformational change of the thumb ( Love et al. , 2003 ) .	dummy_paragraph_text
7231846	A59	alkaline	https://www.ncbi.nlm.nih.gov/pmc/articles/PMC3022387/pdf/	PMC3022387	10.1016/j.tips.2010.11.001		21144598		1	1	38	38	547		Both A59 and JHM spike proteins are cleaved during egress into non-covalently associated S1 and S2 subunits ( see Box 1 ) , and both proteins dissociate if the viruses are incubated at 37 ° C and mildly alkaline pH , releasing soluble S1 and causing S2 to aggregate on the viral envelope 41 , 47 ; a similar conformational change is seen in response to soluble CEACAM1a and correlates with increased liposome binding 37 , suggesting that the conformational change seen at alkaline pH is the same as that responsible for receptor-dependent fusion .	dummy_paragraph_text
7231846	A59	liposome binding 37	https://www.ncbi.nlm.nih.gov/pmc/articles/PMC3022387/pdf/	PMC3022387	10.1016/j.tips.2010.11.001		21144598		1	1	72	74	547		Both A59 and JHM spike proteins are cleaved during egress into non-covalently associated S1 and S2 subunits ( see Box 1 ) , and both proteins dissociate if the viruses are incubated at 37 ° C and mildly alkaline pH , releasing soluble S1 and causing S2 to aggregate on the viral envelope 41 , 47 ; a similar conformational change is seen in response to soluble CEACAM1a and correlates with increased liposome binding 37 , suggesting that the conformational change seen at alkaline pH is the same as that responsible for receptor-dependent fusion .	dummy_paragraph_text
7231846	A59	alkaline	https://www.ncbi.nlm.nih.gov/pmc/articles/PMC3022387/pdf/	PMC3022387	10.1016/j.tips.2010.11.001		21144598		1	1	83	83	547		Both A59 and JHM spike proteins are cleaved during egress into non-covalently associated S1 and S2 subunits ( see Box 1 ) , and both proteins dissociate if the viruses are incubated at 37 ° C and mildly alkaline pH , releasing soluble S1 and causing S2 to aggregate on the viral envelope 41 , 47 ; a similar conformational change is seen in response to soluble CEACAM1a and correlates with increased liposome binding 37 , suggesting that the conformational change seen at alkaline pH is the same as that responsible for receptor-dependent fusion .	dummy_paragraph_text
8057624	A59	alkaline	https://www.ncbi.nlm.nih.gov/pmc/articles/PMC3022387/pdf/	PMC3022387	10.1016/j.tips.2010.11.001		21144598		1	1	36	36	563		Both A59 and JHM spike proteins are cleaved during egress into noncovalently associated S1 and S2 subunits ( Box 1 ) , and both proteins dissociate if the viruses are incubated at 37 8C under mildly alkaline pH , releasing soluble S1 and causing S2 to aggregate on the viral envelope [ 41 , 47 ] ; a similar conformational change is observed in response to soluble CEACAM1a and correlates with increased liposome binding [ 37 ] , which suggests that the conformational change observed at alkaline pH is the same as that responsible for receptor-dependent fusion .	dummy_paragraph_text
8057624	A59	alkaline	https://www.ncbi.nlm.nih.gov/pmc/articles/PMC3022387/pdf/	PMC3022387	10.1016/j.tips.2010.11.001		21144598		1	1	86	86	563		Both A59 and JHM spike proteins are cleaved during egress into noncovalently associated S1 and S2 subunits ( Box 1 ) , and both proteins dissociate if the viruses are incubated at 37 8C under mildly alkaline pH , releasing soluble S1 and causing S2 to aggregate on the viral envelope [ 41 , 47 ] ; a similar conformational change is observed in response to soluble CEACAM1a and correlates with increased liposome binding [ 37 ] , which suggests that the conformational change observed at alkaline pH is the same as that responsible for receptor-dependent fusion .	dummy_paragraph_text
8057624	Box 1	alkaline	https://www.ncbi.nlm.nih.gov/pmc/articles/PMC3022387/pdf/	PMC3022387	10.1016/j.tips.2010.11.001		21144598		18	19	36	36	563		Both A59 and JHM spike proteins are cleaved during egress into noncovalently associated S1 and S2 subunits ( Box 1 ) , and both proteins dissociate if the viruses are incubated at 37 8C under mildly alkaline pH , releasing soluble S1 and causing S2 to aggregate on the viral envelope [ 41 , 47 ] ; a similar conformational change is observed in response to soluble CEACAM1a and correlates with increased liposome binding [ 37 ] , which suggests that the conformational change observed at alkaline pH is the same as that responsible for receptor-dependent fusion .	dummy_paragraph_text
8057624	Box 1	alkaline	https://www.ncbi.nlm.nih.gov/pmc/articles/PMC3022387/pdf/	PMC3022387	10.1016/j.tips.2010.11.001		21144598		18	19	86	86	563		Both A59 and JHM spike proteins are cleaved during egress into noncovalently associated S1 and S2 subunits ( Box 1 ) , and both proteins dissociate if the viruses are incubated at 37 8C under mildly alkaline pH , releasing soluble S1 and causing S2 to aggregate on the viral envelope [ 41 , 47 ] ; a similar conformational change is observed in response to soluble CEACAM1a and correlates with increased liposome binding [ 37 ] , which suggests that the conformational change observed at alkaline pH is the same as that responsible for receptor-dependent fusion .	dummy_paragraph_text